pclass,survived,sex,age,sibsp,parch,ticket,fare,cabin,embarked,boat,body,homedest,case_id
2,0,male,57,0,0,219533,12.35,,Q,,,"Glasgow / Bangor, ME",601
2,1,male,34,0,0,248698,13,D56,S,13,,London,602
2,1,female,36,1,0,226875,26,,S,11,,"Warwick, England",603
3,0,male,37,2,0,3101276,7.925,,S,,98,"Ruotsinphytaa, Finland New York, NY",604
3,0,male,22.5,0,0,2698,7.225,,C,,9,,605
3,0,male,20,0,0,6563,9.225,,S,,89,"Oslo, Norway Cameron, WI",606
3,0,male,25,0,0,SOTON/O.Q. 3101312,7.05,,S,,79,Argentina,607
3,0,male,30,0,0,C 7076,7.25,,S,,72,"Asarum, Sweden Brooklyn, NY",608
3,0,male,34.5,0,0,330911,7.8292,,Q,,70,,609
3,0,female,47,1,0,A/5. 3337,14.5,,S,,7,,610
3,0,male,21,0,0,350029,7.8542,,S,,69,,611
3,0,male,40.5,0,0,367232,7.75,,Q,,68,"Aughnacliff, Co Longford, Ireland New York, NY",612
3,0,male,14.5,8,2,CA. 2343,69.55,,S,,67,,613
3,0,female,30.5,0,0,364850,7.75,,Q,,61,,614
3,0,male,18.5,0,0,2682,7.2292,,C,,58,,615
3,0,female,19,1,0,376566,16.1,,S,,53,,616
3,0,male,33,0,0,349241,7.8958,,C,,51,"Austria Niagara Falls, NY",617
3,0,male,30.5,0,0,364499,8.05,,S,,50,,618
3,0,male,22,0,0,14973,8.05,,S,,47,,619
3,0,male,2,3,1,349909,21.075,,S,,4,,620
3,0,male,33,0,0,347062,7.775,,S,,37,,621
3,0,female,14.5,1,0,2665,14.4542,,C,,328,,622
3,0,female,39,0,5,382652,29.125,,Q,,327,,623
3,0,male,38.5,0,0,SOTON/O.Q. 3101262,7.25,,S,,32,,624
3,0,male,18,1,0,3101267,6.4958,,S,,314,,625
3,0,male,45.5,0,0,2628,7.225,,C,,312,,626
3,0,male,25,0,0,348123,7.65,F G73,S,,309,,627
3,0,male,28,0,0,349243,7.8958,,S,,306,,628
3,0,male,26.5,0,0,2656,7.225,,C,,304,,629
3,0,female,18.5,0,0,329944,7.2833,,Q,,299,"Co Cork, Ireland Roxbury, MA",630
3,0,male,32.5,0,0,345775,9.5,,S,,298,,631
3,0,male,33,0,0,7540,8.6542,,S,,285,,632
3,0,male,24.5,0,0,342826,8.05,,S,,284,,633
3,0,male,60.5,0,0,3701,.,,S,,261,,634
3,0,male,32,0,0,C 4001,22.525,,S,,260,"Bergen, Norway",635
3,0,male,18,0,0,2223,8.3,,S,,259,"Windsor, England New York, NY",636
3,0,male,40.5,0,2,A/5. 851,14.5,,S,,255,,637
3,0,female,29,0,4,349909,21.075,,S,,206,,638
3,0,male,55.5,0,0,A.5. 11206,8.05,,S,,201,,639
3,0,male,34,1,1,347080,14.4,,S,,197,"Stanton, IA",640
3,0,male,34.5,0,0,2683,6.4375,,C,,196,,641
3,0,male,16,1,1,C.A. 2673,20.25,,S,,190,"East Providence, RI",642
3,0,male,23.5,0,0,2693,7.2292,,C,,188,,643
3,0,male,40.5,0,0,C.A. 6212,15.1,,S,,187,,644
3,0,male,28.5,0,0,2697,7.2292,,C,,181,,645
3,0,male,34,0,0,363294,8.05,,S,,176,,646
3,0,male,28,0,0,C 4001,22.525,,S,,173,,647
3,0,male,70.5,0,0,370369,7.75,,Q,,171,,648
3,0,male,22,0,0,350052,7.7958,,S,,156,,649
3,0,male,,0,0,1222,7.8792,,S,,153,,650
3,0,male,34,0,0,3101264,6.4958,,S,,143,,651
3,0,male,40,1,5,347077,31.3875,,S,,142,"Sweden  Worcester, MA",652
3,0,male,28.5,0,0,54636,16.1,,S,,14,,653
3,0,male,27,0,0,315154,8.6625,,S,,131,,654
3,0,male,42,0,0,348121,7.65,F G63,S,,120,,655
3,0,male,50,1,0,A/5. 3337,14.5,,S,,119,,656
3,0,male,26,0,0,341826,8.05,,S,,103,"Bournemouth, England",657
3,0,male,11.5,1,1,A/5. 851,14.5,,S,,1,,658
3,0,female,41,0,5,3101295,39.6875,,S,,,,659
3,0,male,18,1,0,2680,14.4542,,C,,,Greece,660
3,0,male,,0,0,349253,7.8958,,C,,,,661
3,0,male,,0,0,A./5. 3235,8.05,,S,,,,662
3,0,female,48,1,3,W./C. 6608,34.375,,S,,,"Rotherfield, Sussex, England Essex Co, MA",663
3,0,male,21,0,0,SOTON/OQ 3101317,7.25,,S,,,,664
3,0,male,14,5,2,CA 2144,46.9,,S,,,"Wiltshire, England Niagara Falls, NY",665
3,0,female,29,0,0,3101297,7.925,,S,,,,666
3,0,female,21,2,2,W./C. 6608,34.375,,S,,,"Rotherfield, Sussex, England Essex Co, MA",667
3,0,male,34,0,0,364506,8.05,,S,,,,668
3,0,female,31,0,0,350407,7.8542,,S,,,,669
3,1,male,9,0,2,363291,20.525,,S,C D,,"Strood, Kent, England Detroit, MI",670
3,0,female,39,1,5,347082,31.275,,S,,,"Sweden Winnipeg, MN",671
3,0,female,28,0,0,347086,7.775,,S,,,,672
3,1,female,18,0,1,392091,9.35,,S,13,,"London, England Norfolk, VA",673
3,0,male,31,0,0,335097,7.75,,Q,,,"Ireland Brooklyn, NY",674
3,0,male,31,0,0,21332,7.7333,,Q,,,"Philadelphia, PA",675
3,0,male,21,0,0,364858,7.75,,Q,,,"Ireland Philadelphia, PA",676
3,0,male,39,0,0,A/4 48871,24.15,,S,,,,677
3,0,male,20,0,0,SOTON/O.Q. 3101307,7.05,,S,,,Portugal,678
3,0,male,44,0,0,364511,8.05,,S,,,,679
3,1,male,21,0,0,350053,7.7958,,S,13,,,680
3,0,male,,0,0,366713,7.75,,Q,,,,681
3,0,male,35,0,0,STON/O 2. 3101273,7.125,,S,,,,682
3,1,female,18,0,0,3101265,7.4958,,S,16,,,683
3,1,male,,1,1,2668,22.3583,,C,C,,,684
3,0,male,18,0,0,347078,7.75,,S,,,,685
3,1,female,22,1,1,3101298,12.2875,,S,15,,,686
3,1,female,,0,0,330959,7.8792,,Q,,,,687
3,0,male,,0,0,367655,7.7292,,Q,,,,688
3,0,male,43,0,0,A/5 3536,8.05,,S,,,,689
3,1,male,12,1,0,2651,11.2417,,C,C,,,690
3,1,female,15,0,0,330923,8.0292,,Q,,,,691
3,0,male,,0,0,SOTON/OQ 392082,8.05,,S,,,,692
3,0,male,,0,0,394140,6.8583,,Q,,,,693
3,0,male,,0,0,2631,7.225,,C,,,,694
3,0,female,10,5,2,CA 2144,46.9,,S,,,"Wiltshire, England Niagara Falls, NY",695
3,1,male,24,0,0,S.O./P.P. 752,7.55,,S,D,,"England Albion, NY",696
3,0,male,22,0,0,A/5 21174,7.25,,S,,,,697
3,0,male,43,0,0,349226,7.8958,,S,,,,698
3,1,male,25,0,0,2654,7.2292,F E57,C,10,,,699
3,0,male,33,0,0,345780,9.5,,S,,,,700
3,0,male,11,0,0,2699,18.7875,,C,,,,701
3,0,male,20,0,0,347466,7.8542,,S,,,"Sweden Chicago, IL",702
3,0,male,22,0,0,STON/O 2. 3101275,7.125,,S,,,,703
3,0,male,,0,0,334912,7.7333,,Q,,,,704
3,0,male,,1,0,65304,19.9667,,S,,,,705
3,0,female,45,1,4,347088,27.9,,S,,,,706
3,0,male,28,0,0,347464,7.8542,,S,,,,707
3,0,male,,0,0,A/5 2817,8.05,,S,,,,708
3,0,male,24,0,0,349911,7.775,,S,,,"Sweden Joliet, IL",709
3,1,male,3,1,1,C.A. 37671,15.9,,S,2,,"England Brooklyn, NY",710
3,0,male,27,0,0,315083,8.6625,,S,,,,711
3,0,female,45,0,0,347073,7.75,,S,,,,712
3,0,male,18,0,0,347090,7.75,,S,,,"Stockholm, Sweden New York",713
3,0,male,2,4,1,3101295,39.6875,,S,,,,714
3,0,male,30,1,0,A/5. 3336,16.1,,S,,,,715
3,1,female,15,0,0,2667,7.225,,C,C,,,716
3,0,male,8,4,1,382652,29.125,,Q,,,,717
3,0,male,1,5,2,CA 2144,46.9,,S,,,"Wiltshire, England Niagara Falls, NY",718
3,1,female,22,0,0,7548,8.9625,,S,C,,,719
3,0,male,40,0,0,2623,7.225,,C,,,,720
3,0,male,25,0,0,374887,7.25,,S,B,,,721
3,0,male,21,0,0,A/4 45380,8.05,,S,,,,722
3,0,female,,0,0,W./C. 6609,7.55,,S,,,,723
3,0,male,23,1,0,347072,13.9,,S,,,"West Haven, CT",724
3,0,male,10,3,2,347088,27.9,,S,,,,725
3,1,male,39,0,0,STON/O 2. 3101289,7.925,,S,9,,,726
3,1,female,30,0,0,364516,12.475,,S,13,,"Union Hill, NJ",727
3,0,male,26,1,0,2680,14.4542,,C,,,Greece,728
3,0,female,,0,0,330909,7.6292,,Q,,,,729
3,0,male,65,0,0,336439,7.75,,Q,,,,730
3,1,female,33,1,2,C.A. 2315,20.575,,S,10,,"Devon, England Wichita, KS",731
3,1,male,22,0,0,2658,7.225,,C,13 15,,,732
3,1,female,2,0,1,3101298,12.2875,,S,15,,,733
3,0,female,32,1,1,364849,15.5,,Q,,,"Ireland Chicago, IL",734
3,0,male,29,0,0,STON/O 2. 3101268,7.925,,S,,,,735
3,1,male,20,1,1,2653,15.7417,,C,C,,,736
3,0,male,,0,0,349255,7.8958,,C,,,,737
3,0,male,,1,9,CA. 2343,69.55,,S,,,,738
3,0,male,22,0,0,347065,7.775,,S,,,,739
3,0,male,27,1,0,2659,14.4542,,C,C,,,740
3,0,male,,1,2,W./C. 6607,23.45,,S,,,,741
3,0,male,24,1,0,376566,16.1,,S,,,,742
3,1,female,,0,0,370370,7.75,,Q,15,,,743
3,0,male,,0,0,384461,7.75,,Q,,,,744
3,1,female,38,0,0,2688,7.2292,,C,C,,,745
3,0,male,33,0,0,347465,7.8542,,S,,,,746
3,0,male,25,0,0,349203,7.8958,,S,,,"Bulgaria Chicago, IL",747
3,0,male,28,0,0,350042,7.7958,,S,,,"Dagsas, Sweden Fower, MN",748
3,0,female,6,4,2,347082,31.275,,S,,,"Sweden Winnipeg, MN",749
3,0,male,,1,0,370365,15.5,,Q,,,,750
3,0,male,,0,0,315037,8.6625,,S,,,,751
3,0,male,32,1,0,3101278,15.85,,S,D,,"Ruotsinphytaa, Finland New York, NY",752
3,0,male,,1,0,386525,16.1,,S,,,"Liverpool, England Bedford, OH",753
3,0,male,24,0,0,371109,7.25,,Q,,,"Co Limerick, Ireland Sherbrooke, PQ",754
3,0,male,29,0,0,7545,9.4833,,S,,,,755
3,1,female,1,1,1,347742,11.1333,,S,15,,,756
3,1,female,,0,0,383123,7.75,,Q,15 16,,,757
3,0,male,16,0,0,347074,7.775,,S,,,"Karberg, Sweden Jerome Junction, AZ",758
3,0,female,,1,2,W./C. 6607,23.45,,S,,,,759
3,1,female,23,0,0,347469,7.8542,,S,10,,,760
3,0,male,,0,0,368323,6.95,,Q,,,,761
3,1,male,7,1,1,2650,15.2458,,C,C,,,762
3,1,male,16,0,0,SOTON/OQ 392089,8.05,,S,B,,,763
3,0,male,29,0,0,343276,8.05,,S,,,,764
3,0,female,,8,2,CA. 2343,69.55,,S,,,,765
3,1,male,19,0,0,A/5. 10482,8.05,,S,B,,"England Oglesby, IL",766
3,1,female,,0,0,14311,7.75,,Q,D,,,767
3,0,male,,0,0,2629,7.2292,,C,,,,768
3,0,male,15,1,1,2695,7.2292,,C,,,Syria,769
3,0,male,9,5,2,CA 2144,46.9,,S,,,"Wiltshire, England Niagara Falls, NY",770
3,1,female,,0,0,334915,7.7208,,Q,13,,,771
3,0,male,,0,0,349208,7.8958,,S,,,,772
3,0,male,21,0,0,8475,8.4333,,S,,,,773
3,0,female,20,0,0,315096,8.6625,,S,,,,774
3,0,female,8,3,1,349909,21.075,,S,,,,775
3,0,female,27,0,0,330844,7.8792,,Q,,,"New York, NY",776
3,1,male,,0,0,1601,56.4958,,S,13,,"Hong Kong New York, NY",777
3,0,female,22,0,0,7552,10.5167,,S,,,"Norrlot, Sweden Chicago, IL",778
3,1,female,22,0,0,334914,7.725,,Q,13,,"Kingwilliamstown, Co Cork, Ireland Glens Falls, NY",779
3,0,male,,0,0,349220,7.8958,,S,,,,780
3,0,male,16,2,0,345764,18,,S,,,,781
3,0,male,16,4,1,3101295,39.6875,,S,,,,782
3,0,male,21,1,0,3101266,6.4958,,S,,,,783
3,0,male,,0,0,383121,7.75,F38,Q,,,,784
3,0,female,45,0,1,2691,14.4542,,C,,,"Syria Ottawa, ON",785
3,1,male,,0,0,3470,7.8875,,S,C,,,786
3,0,female,16,5,2,CA 2144,46.9,,S,,,"Wiltshire, England Niagara Falls, NY",787
3,0,male,,8,2,CA. 2343,69.55,,S,,,,788
3,0,male,,1,0,367229,7.75,,Q,,,,789
3,0,male,,0,0,A/5 1478,8.05,,S,,,"Bridgwater, Somerset, England",790
3,1,female,,0,0,2626,7.2292,,C,,,,791
3,1,female,27,0,1,392096,12.475,E121,S,14,,,792
3,0,male,28,0,0,363611,8.05,,S,,,,793
3,0,male,,0,0,349254,7.8958,,C,,,,794
3,1,female,,0,0,14313,7.75,,Q,D,,,795
3,1,female,,0,0,2649,7.225,,C,C,,,796
3,0,female,22,2,0,315152,8.6625,,S,,,,797
3,1,female,16,0,0,35851,7.7333,,Q,16,,"Co Longford, Ireland New York, NY",798
3,1,female,.75,2,1,2666,19.2583,,C,C,,"Syria New York, NY",799
3,0,female,37,0,0,368364,7.75,,Q,,,"Co Sligo, Ireland Hartford, CT",800
3,0,male,28,0,0,345783,9.5,,S,,,,801
3,0,male,27,0,0,2670,7.225,,C,,,,802
3,1,female,23,0,0,CA. 2314,7.55,,S,C,,,803
3,0,female,37,0,0,4135,9.5875,,S,,,,804
3,1,male,,0,0,368783,7.75,,Q,,,,805
3,0,male,11,5,2,CA 2144,46.9,,S,,,"Wiltshire, England Niagara Falls, NY",806
3,1,female,16,0,0,348125,7.65,,S,16,,"Norway Los Angeles, CA",807
3,0,male,17,0,0,315090,8.6625,,S,,,Austria-Hungary,808
3,1,male,25,0,0,350033,7.7958,,S,13 15,,,809
3,1,male,3,4,2,347077,31.3875,,S,15,,"Sweden Worcester, MA",810
3,0,male,20,0,0,SOTON/O2 3101287,7.925,,S,,,"Salo, Finland Astoria, OR",811
3,1,male,27,0,0,347089,6.975,,S,15,,,812
3,0,male,,0,0,330979,7.8292,,Q,,,,813
3,1,female,,0,0,330932,7.7875,,Q,13,,,814
3,0,male,17,2,0,A/4 48873,8.05,,S,,,"West Bromwich, England Pontiac, MI",815
3,0,male,,0,0,349235,7.8958,,S,,,,816
3,1,female,,0,0,330931,7.8792,,Q,13,,,817
3,0,male,28,0,0,C 4001,22.525,,S,,,,818
3,0,male,19,0,0,349231,7.8958,,S,,,Austria,819
3,1,female,,0,0,36568,15.5,,Q,16,,,820
3,0,male,4,4,2,347082,31.275,,S,,,"Sweden Winnipeg, MN",821
3,1,female,,1,0,370365,15.5,,Q,,,,822
3,0,male,,0,0,349218,7.8958,,S,,,,823
3,0,male,20,0,0,345769,9.5,,S,,,,824
3,0,female,,8,2,CA. 2343,69.55,,S,,,,825
3,1,female,1,0,2,2653,15.7417,,C,C,,,826
3,0,male,19,0,0,349205,7.8958,,S,,,,827
3,1,female,,0,0,335677,7.75,,Q,13,,"Co Clare, Ireland Washington, DC",828
3,0,male,27,0,0,349219,7.8958,,S,,,"Bulgaria Chicago, IL",829
3,0,male,18,2,2,W./C. 6608,34.375,,S,,,"Rotherfield, Sussex, England Essex Co, MA",830
3,1,male,25,0,0,348122,7.65,F G63,S,A,,"Perkins County, SD",831
3,0,male,74,0,0,347060,7.775,,S,,,,832
3,1,male,25,0,0,LINE,0,,S,15,,,833
3,0,male,39,0,0,3101296,7.925,,S,,,,834
3,0,male,38,0,0,349249,7.8958,,S,,,,835
3,1,female,30,0,0,382650,6.95,,Q,15,,"Co Athlone, Ireland New York, NY",836
3,0,male,30,0,0,349246,7.8958,,S,,,,837
3,0,male,51,0,0,347064,7.75,,S,,,,838
3,0,male,17,0,0,315093,8.6625,,S,,,,839
3,0,male,32,0,0,STON/OQ. 369943,8.05,,S,,,,840
3,0,male,25,1,0,349237,17.8,,S,,,"Altdorf, Switzerland",841
3,0,male,31,3,0,345763,18,,S,,,,842
3,0,male,17,0,0,315095,8.6625,,S,,,,843
3,0,male,20,0,0,A/5. 2151,8.05,,S,,,,844
3,0,female,29,1,1,347054,10.4625,G6,S,,,,845
3,0,male,,0,0,36568,15.5,,Q,,,,846
3,0,female,2,1,1,370129,20.2125,,S,,,,847
3,0,female,27,1,0,STON/O2. 3101270,7.925,,S,,,,848
3,0,male,28,2,0,3101277,7.925,,S,,,"Ruotsinphytaa, Finland New York, NY",849
3,0,male,18,0,0,315091,8.6625,,S,,,,850
3,0,male,,0,0,2684,7.225,,C,,,,851
3,1,male,26,0,0,1601,56.4958,,S,14,,,852
3,0,female,2,4,2,347082,31.275,,S,,,"Sweden Winnipeg, MN",853
3,0,male,51,0,0,347743,7.0542,,S,,,,854
3,0,male,41,0,0,SOTON/O.Q. 3101263,7.85,,S,,,"Philadelphia, PA",855
3,1,female,22,1,0,347072,13.9,,S,16,,"West Haven, CT",856
3,0,male,19,0,0,348124,7.65,F G73,S,,,,857
3,0,female,17,0,0,AQ/3. 30631,7.7333,,Q,,,,858
3,1,female,19,1,1,2653,15.7417,,C,C,,,859
3,0,male,36,0,0,LINE,0,,S,,,,860
3,0,male,7,4,1,382652,29.125,,Q,,,,861
3,0,male,,0,0,2622,7.2292,,C,,,,862
3,1,female,,0,0,330919,7.8292,,Q,13,,,863
3,0,male,,0,0,370372,7.75,,Q,,,,864
3,0,male,38,0,0,315089,8.6625,,S,,,Croatia,865
3,0,male,,3,1,4133,25.4667,,S,,,,866
3,0,male,26,0,0,349248,7.8958,,S,,,,867
3,0,male,,0,0,372622,7.75,,Q,,,,868
3,0,male,,0,0,SOTON/O.Q. 3101305,7.05,,S,,,,869
3,0,male,40,1,1,364849,15.5,,Q,,,"Ireland Chicago, IL",870
3,1,female,,1,0,386525,16.1,,S,16,,"Liverpool, England Bedford, OH",871
3,0,male,17,0,0,349232,7.8958,,S,,,,872
3,1,female,,2,0,367226,23.25,,Q,16,,,873
3,0,male,17,1,0,350048,7.0542,,S,,,,874
3,1,female,22,0,0,347085,7.775,,S,C,,,875
3,0,male,28,0,0,349207,7.8958,,S,,,,876
3,0,female,3,1,1,SOTON/O.Q. 3101315,13.775,,S,,,,877
3,1,female,27,0,0,STON/O2. 3101283,7.925,,S,,,,878
3,1,female,17,0,1,371362,16.1,,S,12,,"Bournemouth, England Newark, NJ",879
3,0,male,19,0,0,365222,6.75,,Q,,,"Co Cork, Ireland Charlestown, MA",880
3,0,male,6,1,1,2678,15.2458,,C,,,"Syria Kent, ON",881
3,0,male,,0,0,374746,8.05,,S,,,,882
3,1,male,,0,0,312991,7.775,,S,B,,,883
3,0,male,19,0,0,347069,7.775,,S,,,"Myren, Sweden New York, NY",884
3,0,female,23,0,0,STON/O2. 3101290,7.925,,S,,,,885
3,0,male,23,0,0,SOTON/O.Q. 3101309,7.05,,S,,,,886
3,1,male,45,0,0,7598,8.05,,S,15,,"Australia Fingal, ND",887
3,0,female,,0,0,370368,7.75,,Q,,,,888
3,0,female,,8,2,CA. 2343,69.55,,S,,,,889
3,0,male,30,0,0,A.5. 18509,8.05,,S,,,,890
3,1,male,,0,0,SOTON/O.Q. 3101308,7.05,,S,15,,"Italy Philadelphia, PA",891
3,1,female,18,0,0,A/4 31416,8.05,,S,C,,"London Skanteales, NY",892
3,0,male,36,0,0,349247,7.8958,,S,,,,893
3,0,male,20.5,0,0,A/5 21173,7.25,,S,,,,894
3,0,male,42,0,0,315088,8.6625,,S,,,,895
3,0,female,,1,0,2660,14.4542,,C,,,,896
3,0,male,5,4,2,347077,31.3875,,S,,,"Sweden  Worcester, MA",897
3,0,female,18,1,0,349237,17.8,,S,,,"Altdorf, Switzerland",898
3,0,male,33,0,0,A./5. 3338,8.05,,S,,,,899
3,1,female,22,0,0,C 7077,7.25,,S,13,,,900
3,0,female,25,1,0,STON/O2. 3101271,7.925,,S,,,,901
3,1,female,,0,0,36866,7.7375,,Q,16,,,902
3,1,female,,0,0,335432,7.7333,,Q,13,,,903
3,0,male,10,4,1,382652,29.125,,Q,,,,904
3,0,male,27,0,0,349229,7.8958,,S,,,Austria,905
3,0,female,,0,0,330935,8.1375,,Q,,,,906
3,0,male,18,1,1,370129,20.2125,,S,,,,907
3,1,female,,0,0,9234,7.75,,Q,16,,,908
3,0,female,,0,4,4133,25.4667,,S,,,,909
3,0,female,26,0,2,SOTON/O.Q. 3101315,13.775,,S,,,,910
3,0,male,32,0,0,STON/O 2. 3101292,7.925,,S,,,,911
3,0,female,20,0,0,347471,7.8542,,S,,,"Medeltorp, Sweden Chicago, IL",912
3,0,male,,0,0,Fa 265302,7.3125,,S,,,,913
3,1,female,,0,2,2668,22.3583,,C,D,,,914
3,0,male,22,0,0,2669,7.2292,,C,,,,915
3,1,female,31,0,0,349244,8.6833,,S,,,,916
3,0,male,,8,2,CA. 2343,69.55,,S,,,,917
3,0,female,21,0,0,315087,8.6625,,S,,,,918
3,0,male,,0,0,349221,7.8958,,S,,,,919
3,0,female,30,1,0,349910,15.55,,S,A,,,920
3,0,male,24,0,0,SOTON/O.Q. 3101311,7.05,,S,,,,921
3,0,male,24,0,0,7266,9.325,,S,,,,922
3,0,male,39,1,5,347082,31.275,,S,,,"Sweden Winnipeg, MN",923
3,0,male,17,1,1,2690,7.2292,,C,,,,924
3,0,female,,1,0,2665,14.4542,,C,,,,925
3,1,male,,0,0,1601,56.4958,,S,C,,,926
3,0,male,,0,0,349225,7.8958,,S,,,"Bulgaria Coon Rapids, IA",927
3,0,male,,0,0,2641,7.2292,,C,,,,928
3,0,male,24,2,0,A/4 48871,24.15,,S,,,"West Bromwich, England Pontiac, MI",929
3,0,male,,1,0,65303,19.9667,,S,,,,930
3,0,male,,0,0,36865,7.7375,,Q,,,,931
3,1,male,21,0,0,350034,7.7958,,S,A,,,932
3,1,male,25,1,0,347083,7.775,,S,15,,,933
3,0,male,25,0,0,2672,7.225,,C,,,,934
3,0,female,,1,9,CA. 2343,69.55,,S,,,,935
3,1,male,,0,0,368402,7.75,,Q,B,,,936
3,0,male,40,1,4,347088,27.9,,S,,,,937
3,0,female,3,3,1,349909,21.075,,S,,,,938
3,0,female,9,4,2,347082,31.275,,S,,,"Sweden Winnipeg, MN",939
3,0,female,38,4,2,347091,7.775,,S,,,"Vadsbro, Sweden Ministee, MI",940
3,1,male,21,0,0,330920,7.8208,,Q,13,,"Kingwilliamstown, Co Cork, Ireland New York, NY",941
3,1,male,21,0,0,345501,7.775,,S,15,,,942
3,0,male,,0,0,330877,8.4583,,Q,,,,943
3,0,male,,0,0,349217,7.8958,,S,,,,944
3,1,female,13,0,0,2687,7.2292,,C,C,,"Syria Youngstown, OH",945
3,0,male,,1,0,367227,7.75,,Q,,,,946
3,0,male,,0,0,376563,8.05,,S,,,,947
3,0,male,,0,0,349201,7.8958,,S,,,,948
3,1,female,18,0,0,4138,9.8417,,S,15,,,949
3,1,female,4,1,1,PP 9549,16.7,G6,S,13,,,950
3,0,male,38,0,0,SOTON/O.Q. 3101306,7.05,,S,,,Portugal,951
3,0,male,,0,0,392092,8.05,,S,,,,952
3,1,male,18,0,0,A/5 3540,8.05,,S,12,,"London Brooklyn, NY",953
3,0,female,1,1,1,350405,12.1833,,S,,,,954
3,0,male,33,1,1,363291,20.525,,S,,,"Strood, Kent, England Detroit, MI",955
3,1,male,32,0,0,347079,7.775,,S,A,,,956
3,0,male,32,0,0,STON/O 2. 3101293,7.925,,S,,,,957
3,0,female,18,0,0,365226,6.75,,Q,,,,958
3,0,female,,0,0,343095,8.05,,S,,,,959
3,0,male,26,2,0,315151,8.6625,,S,,,,960
3,1,female,,0,0,330980,7.8792,,Q,16,,,961
3,0,male,,0,0,364851,7.75,,Q,,,,962
3,0,male,,0,0,1601,56.4958,,S,,,,963
3,0,male,16,0,0,7534,9.2167,,S,,,,964
3,0,male,36,0,0,A/5 21175,7.25,,S,,,,965
3,1,female,18,0,0,347066,7.775,,S,D,,,966
3,0,male,35,0,0,349213,7.8958,,C,,,,967
3,0,male,26,0,0,347068,7.775,,S,,,"Krakudden, Sweden Moune, IL",968
3,0,male,18,1,1,350404,7.8542,,S,,,,969
3,0,male,22,1,0,A/5 21171,7.25,,S,,,"Bridgerule, Devon",970
3,1,female,22,0,0,347081,7.75,,S,13,,,971
3,0,male,,2,0,2662,21.6792,,C,,,,972
3,0,male,23,0,0,349204,7.8958,,S,,,,973
3,0,male,,0,0,12460,7.75,,Q,,,,974
3,0,female,,3,1,4133,25.4667,,S,,,,975
3,0,male,29,0,0,347467,7.8542,,S,,,,976
3,1,male,.4167,0,1,2625,8.5167,,C,16,,,977
3,0,male,,0,0,343271,7,,S,,,,978
3,1,female,24,0,3,2666,19.2583,,C,C,,"Syria New York, NY",979
3,1,male,.8333,0,1,392091,9.35,,S,11,,"London, England Norfolk, VA",980
3,1,female,,0,0,35852,7.7333,,Q,16,,,981
3,0,male,41,0,0,SOTON/O2 3101272,7.125,,S,,,"Finland Sudbury, ON",982
3,0,female,40,1,0,7546,9.475,,S,,,"Sweden Akeley, MN",983
3,1,female,27,0,2,347742,11.1333,,S,15,,,984
3,0,male,36,1,1,345773,24.15,,S,,,,985
3,0,male,,1,1,A/5. 851,14.5,,S,,,,986
3,1,female,.75,2,1,2666,19.2583,,C,C,,"Syria New York, NY",987
3,0,male,61,0,0,345364,6.2375,,S,,,,988
3,1,male,20,0,0,SOTON/O2 3101284,7.925,,S,15,,"Taalintehdas, Finland Hoboken, NJ",989
3,0,male,40,1,6,CA 2144,46.9,,S,,,"Wiltshire, England Niagara Falls, NY",990
3,0,male,29,1,0,3460,7.0458,,S,,,"Bridgerule, Devon",991
3,1,female,33,3,0,3101278,15.85,,S,,,"Ruotsinphytaa, Finland New York, NY",992
3,0,male,27,0,0,350408,7.8542,,S,,,,993
3,0,female,22,0,0,3101295,39.6875,,S,,,,994
3,0,female,18,2,0,345764,18,,S,,,,995
3,0,male,32,0,0,370376,7.75,,Q,,,"Ireland New York, NY",996
3,0,male,,0,0,349227,7.8958,,S,,,,997
3,0,female,9,1,1,2678,15.2458,,C,,,"Syria Kent, ON",998
3,1,female,,0,0,14312,7.75,,Q,D,,,999
3,1,female,,1,1,2668,22.3583,F E69,C,D,,,1000
3,0,male,44,0,0,363592,8.05,,S,,,,1001
3,0,male,29,0,0,347067,7.775,,S,,,,1002
3,1,male,1,1,2,C.A. 2315,20.575,,S,10,,"Devon, England Wichita, KS",1003
3,0,male,,0,0,370377,7.75,,Q,,,,1004
3,0,male,24,0,0,342441,8.05,,S,,,,1005
3,0,male,,0,0,2647,7.225,,C,,,,1006
3,0,male,22,0,0,350060,7.5208,,S,,,,1007
3,0,male,24,0,0,343275,8.05,,S,,,London,1008
3,1,male,,1,1,2661,15.2458,,C,C,,,1009
3,0,male,35,0,0,SOTON/O.Q. 3101310,7.05,,S,,,,1010
3,0,male,26,0,0,347075,7.775,,S,,,"Hartford, CT",1011
3,0,male,,0,0,349216,7.8958,,S,,,,1012
3,0,male,21,0,0,54636,16.1,,S,,,"Treherbert, Cardiff, Wales",1013
3,0,female,36,0,2,350405,12.1833,,S,,,,1014
3,0,male,25,0,0,STON/O 2. 3101291,7.925,,S,,,,1015
3,1,female,19,1,0,350046,7.8542,,S,16,,,1016
3,1,male,32,0,0,1601,56.4958,,S,C,,"Hong Kong New York, NY",1017
3,0,female,,1,0,2689,14.4583,,C,,,"Ottawa, ON",1018
3,1,male,30,0,0,345774,9.5,,S,11,,"Belgium Detroit, MI",1019
3,0,male,,0,0,32302,8.05,,S,,,,1020
3,0,male,,0,0,C.A. 42795,7.55,,S,,,,1021
3,0,male,21,0,0,349211,7.8958,,S,,,,1022
3,0,male,35,0,0,373450,8.05,,S,,,"Lower Clapton, Middlesex or Erdington, Birmingham",1023
3,0,male,,0,0,359306,8.05,,S,,,,1024
3,0,male,47,0,0,A/5 3902,7.25,,S,,,"Illinois, USA",1025
3,0,male,20,0,0,350416,7.8542,,S,,,,1026
3,0,male,24,0,0,349233,7.8958,,S,,,,1027
3,0,male,24,0,0,350409,7.8542,,S,,,"Goteborg, Sweden Huntley, IL",1028
3,0,male,19,0,0,323951,8.05,,S,,,England,1029
3,1,female,36,0,2,C.A. 37671,15.9,,S,2,,"England Brooklyn, NY",1030
3,1,female,1,1,1,PP 9549,16.7,G6,S,13,,,1031
3,0,male,36,0,0,349210,7.4958,,S,,,"Bulgaria Chicago, IL",1032
3,0,male,,8,2,CA. 2343,69.55,,S,,,,1033
3,0,female,21,0,0,364846,7.75,,Q,,,,1034
3,0,male,22,0,0,324669,8.05,,S,,,"England New York, NY",1035
3,0,male,29,0,0,315082,7.875,,S,,,,1036
3,0,male,,0,0,A.5. 3236,8.05,,S,,,,1037
3,0,male,31,0,0,347063,7.775,,S,,,,1038
3,0,male,26,0,0,349202,7.8958,,S,,,"Bulgaria Chicago, IL",1039
3,0,male,6,3,1,349909,21.075,,S,,,,1040
3,0,male,19,0,0,LINE,0,,S,,,,1041
3,0,female,,0,2,2678,15.2458,,C,,,"Syria Kent, ON",1042
3,0,male,,0,0,36209,7.725,,Q,,,,1043
3,1,female,21,0,0,343120,7.65,,S,C,,,1044
3,0,male,,1,0,371110,24.15,,Q,,,,1045
3,0,male,4,4,1,382652,29.125,,Q,,,,1046
3,1,female,35,1,1,C.A. 2673,20.25,,S,A,,"East Providence, RI",1047
3,0,male,9,4,2,347077,31.3875,,S,,,"Sweden Worcester, MA",1048
3,1,male,24,0,0,C 17369,7.1417,,S,13,,,1049
3,1,female,,2,0,367226,23.25,,Q,16,,,1050
3,0,male,,0,0,374910,8.05,,S,,,,1051
3,0,male,36,0,0,345771,9.5,,S,,,,1052
3,0,male,14,4,1,3101295,39.6875,,S,,,,1053
3,0,female,22,0,0,7553,9.8375,,S,,,,1054
3,0,male,25,0,0,SOTON/OQ 392076,7.05,,S,,,,1055
3,0,male,,0,0,349238,7.8958,,S,,,,1056
3,0,female,30,0,0,330972,7.6292,,Q,,,Ireland,1057
3,0,male,,0,0,LP 1588,7.575,,S,,,,1058
3,0,male,21,2,0,A/4 48871,24.15,,S,,,"West Bromwich, England Pontiac, MI",1059
3,0,male,,0,0,368573,7.75,,Q,,,"Ireland New York, NY",1060
3,0,male,21,0,0,A./5. 2152,8.05,,S,,,,1061
3,0,male,39,0,2,2675,7.2292,,C,,,"Syria Ottawa, ON",1062
3,1,female,9,1,1,2650,15.2458,,C,C,,,1063
3,1,male,,0,0,65306,8.1125,,S,13,,,1064
3,1,male,22,0,0,2620,7.225,,C,6,,,1065
3,0,male,33,0,0,349257,7.8958,,S,,,,1066
3,0,male,22,0,0,350045,7.7958,,S,,,"Sweden Worcester, MA",1067
3,0,male,21,0,0,A/5. 13032,7.7333,,Q,,,"Ireland New York, NY",1068
3,1,female,16,0,0,367231,7.75,,Q,16,,"Co Longford, Ireland New York, NY",1069
3,1,female,19,0,0,330958,7.8792,,Q,C,,"Kilmacowen, Co Sligo, Ireland New York, NY",1070
3,0,male,,0,0,345498,7.775,,S,,,,1071
3,0,male,,0,0,2652,7.2292,,C,,,,1072
3,0,male,,0,0,AQ/4 3130,7.75,,Q,,,,1073
3,0,male,7,4,1,3101295,39.6875,,S,,,,1074
3,1,female,24,0,2,PP 9549,16.7,G6,S,13,,,1075
3,1,male,23,0,0,350054,7.7958,,S,13,,"Oskarshamn, Sweden Minneapolis, MN",1076
3,1,female,45,1,0,350026,14.1083,,S,11,,,1077
3,0,male,,0,0,2686,7.2292,,C,,,,1078
3,1,male,,1,1,2661,15.2458,,C,C,,,1079
3,0,male,20,0,0,2648,4.0125,,C,,,Syria,1080
3,0,male,.3333,0,2,347080,14.4,,S,,,"Stanton, IA",1081
3,0,female,30,0,0,315084,8.6625,,S,,,,1082
3,1,female,24,1,0,STON/O2. 3101279,15.85,,S,15,,,1083
3,0,female,41,0,2,370129,20.2125,,S,,,,1084
3,0,male,18,0,0,349912,7.775,,S,,,"Tofta, Sweden Joliet, IL",1085
3,0,male,,0,0,349234,7.8958,,S,,,,1086
3,0,male,13,4,2,347077,31.3875,,S,,,"Sweden Worcester, MA",1087
3,1,male,,0,0,383162,7.75,,Q,14,,,1088
3,0,male,18,0,0,350036,7.7958,,S,,,,1089
3,0,male,47,0,0,345765,9,,S,,,,1090
3,0,male,16,0,0,345778,9.5,,S,,,,1091
3,0,female,2,0,1,347054,10.4625,G6,S,,,,1092
3,0,male,,0,0,3411,8.7125,,C,,,,1093
3,0,male,25,0,0,349250,7.8958,,S,,,,1094
3,1,male,32,0,0,1601,56.4958,,S,C,,"Hong Kong New York, NY",1095
3,0,male,,0,0,365235,7.75,,Q,,,Ireland,1096
3,1,male,,2,0,367226,23.25,,Q,16,,,1097
3,0,female,14,0,0,350406,7.8542,,S,,,,1098
3,0,male,,0,0,A/4. 34244,7.25,,S,,,,1099
3,0,male,,0,0,2674,7.225,,C,,,,1100
3,0,female,,0,0,364856,7.75,,Q,,,,1101
3,1,male,26,0,0,2699,18.7875,,C,15,,"Syria Fredericksburg, VA",1102
3,0,male,24,0,0,345781,9.5,,S,,,,1103
3,0,male,,0,0,330971,7.8792,,Q,,,,1104
3,0,female,28,1,1,347080,14.4,,S,,,"Stanton, IA",1105
3,1,male,32,0,0,350417,7.8542,,S,15,,,1106
3,0,female,,0,2,364848,7.75,,Q,,,"Ireland Chicago, IL",1107
3,0,male,22,0,0,345767,9,,S,,,"Antwerp, Belgium / Stanton, OH",1108
3,0,male,22,0,0,SC/A4 23568,8.05,,S,,,,1109
3,0,male,,0,0,S.O./P.P. 751,7.55,,S,,,,1110
3,0,male,,0,0,2655,7.2292,F E46,C,,,,1111
3,0,male,,0,0,C.A. 49867,7.55,,S,,,,1112
3,1,female,38,1,5,347077,31.3875,,S,15,,"Sweden  Worcester, MA",1113
3,0,male,19,0,0,358585,14.5,,S,,,,1114
3,0,male,,0,0,2676,7.225,,C,,,,1115
3,0,male,22,0,0,A/5 21172,7.25,,S,,,,1116
3,0,male,24,0,0,350035,7.7958,,S,,,,1117
3,0,male,,1,0,370371,15.5,,Q,,,,1118
3,0,male,22,0,0,349252,7.8958,,S,,,,1119
3,0,female,43,1,6,CA 2144,46.9,,S,,,"Wiltshire, England Niagara Falls, NY",1120
3,0,male,,2,0,2662,21.6792,,C,,,,1121
3,0,female,31,1,0,345763,18,,S,,,,1122
3,1,male,29,0,0,345779,9.5,,S,11,,,1123
3,0,male,30,0,0,2685,7.2292,,C,,,,1124
3,1,male,4,1,1,347742,11.1333,,S,15,,,1125
3,1,male,27,0,0,315098,8.6625,,S,15,,,1126
3,1,male,44,0,0,STON/O 2. 3101269,7.925,,S,15,,,1127
3,0,male,26,1,0,350025,7.8542,,S,,,,1128
3,0,male,2,4,1,382652,29.125,,Q,,,,1129
3,0,male,,0,0,2681,6.4375,,C,,,,1130
3,0,male,,0,0,349222,7.8958,,S,,,,1131
3,1,male,29,3,1,315153,22.025,,S,2,,,1132
3,1,female,23,0,0,SOTON/OQ 392083,8.05,,S,,,"London New York, NY",1133
3,0,male,21,0,0,STON/O 2. 3101280,7.925,,S,,,,1134
3,1,male,32,0,0,STON/O 2. 3101286,7.925,,S,15,,,1135
3,0,male,21,0,0,STON/O 2. 3101294,7.925,,S,,,,1136
3,0,male,,0,0,3410,8.7125,,S,,,,1137
3,1,female,45,0,0,2696,7.225,,C,C,,"Ottawa, ON",1138
3,0,male,16,0,0,A/4. 20589,8.05,,S,,,,1139
3,0,male,,1,2,W./C. 6607,23.45,,S,,,,1140
3,1,male,9,1,1,C.A. 37671,15.9,,S,2,,"England Brooklyn, NY",1141
3,1,female,.1667,1,2,C.A. 2315,20.575,,S,10,,"Devon, England Wichita, KS",1142
3,0,male,23,0,0,7267,9.225,,S,,,,1143
3,0,male,,0,0,362316,7.25,,S,,,,1144
3,0,male,,1,0,376564,16.1,,S,,,,1145
3,1,female,,0,0,370375,7.75,,Q,16,,,1146
3,0,male,26,0,0,349224,7.8958,,S,,,"Bulgaria Chicago, IL",1147
3,0,female,,0,0,364859,7.75,,Q,,,,1148
3,0,male,25,0,0,36864,7.7417,,Q,,,"New York, NY",1149
3,1,male,32,0,0,350403,7.5792,,S,15,,,1150
3,0,female,21,1,0,4137,9.825,,S,,,,1151
3,0,male,51,0,0,21440,8.05,,S,,,"Dorking, Surrey, England",1152
3,0,male,21,0,0,2692,7.225,,C,,,"Ottawa, ON",1153
3,0,male,35,0,0,349230,7.8958,,S,,,Austria,1154
3,0,male,21,0,0,350410,7.8542,,S,,,,1155
3,0,female,2,3,2,347088,27.9,,S,,,,1156
3,0,female,,0,0,SOTON/O.Q. 392087,8.05,,S,,,,1157
3,1,male,29,0,0,382651,7.75,,Q,13 15 B,,"Co Athlone, Ireland New York, NY",1158
3,0,male,,0,0,A4. 54510,8.05,,S,,,,1159
3,1,male,27,0,0,350043,7.7958,,S,A,,,1160
3,0,male,28,0,0,345770,9.5,,S,,,,1161
3,0,female,11,4,2,347082,31.275,,S,,,"Sweden Winnipeg, MN",1162
3,0,male,26,0,0,3474,7.8875,,S,,,"England Albion, NY",1163
3,0,female,,0,0,330924,7.8792,,Q,,,,1164
3,0,female,25,0,0,347071,7.775,,S,,,,1165
3,0,male,,0,0,S.O./P.P. 251,7.55,,S,,,,1166
3,0,male,21,0,0,A/4. 39886,7.8,,S,,,,1167
3,1,female,,0,0,330968,7.7792,,Q,,,,1168
3,0,female,,0,0,364498,14.5,,S,,,,1169
3,0,male,19,0,0,S.P. 3464,8.1583,,S,,,"Bristol, England Cleveland, OH",1170
3,1,female,,0,0,342712,8.05,,S,C,,,1171
3,1,female,5,4,2,347077,31.3875,,S,15,,"Sweden Worcester, MA",1172
3,0,male,,0,0,SOTON/O.Q. 3101314,7.25,,S,,,,1173
3,0,male,49,0,0,LINE,0,,S,,,,1174
3,1,male,9,0,1,C 17368,3.1708,,S,13,,,1175
3,1,female,36,1,0,345572,17.4,,S,13,,"Tampico, MT",1176
3,0,male,,0,0,SOTON/OQ 392086,8.05,,S,,,,1177
3,1,female,26,1,1,315153,22.025,,S,2,,,1178
3,0,female,,3,1,4133,25.4667,,S,,,,1179
3,0,female,,3,1,4133,25.4667,,S,,,,1180
3,0,male,20,0,0,2679,7.225,,C,,,,1181
3,0,male,,0,0,312993,7.775,,S,,,,1182
3,1,female,26,0,0,STON/O2. 3101282,7.925,,S,,,,1183
3,0,male,,1,0,2689,14.4583,,C,,,"Ottawa, ON",1184
3,1,female,47,1,0,363272,7,,S,,,,1185
3,1,female,,0,0,A. 2. 39186,8.05,,S,C,,,1186
3,1,female,18,0,0,2657,7.2292,,C,C,,"Greensburg, PA",1187
3,0,male,33,0,0,349239,8.6625,,C,,,,1188
3,1,female,26,0,0,347470,7.8542,,S,13,,,1189
3,0,male,28,0,0,1601,56.4958,,S,,,,1190
3,1,female,14,1,0,2651,11.2417,,C,C,,,1191
3,0,male,26,0,0,330910,7.8792,,Q,,,"Ireland Chicago, IL",1192
3,0,male,,2,0,2662,21.6792,,C,,,,1193
3,1,female,17,4,2,3101281,7.925,,S,D,,"Ruotsinphyhtaa, Finland New York, NY",1194
3,0,male,30,0,0,2694,7.225,,C,,,"Ottawa, ON",1195
3,1,female,,1,0,371110,24.15,,Q,16,,,1196
3,0,male,36,1,0,349910,15.55,,S,A,,,1197
3,0,male,,0,0,2671,7.2292,,C,,,,1198
3,1,male,,0,0,1601,56.4958,,S,C,,,1199
3,0,male,24,0,0,349209,7.4958,,S,,,,1200
3,0,male,16,1,3,W./C. 6608,34.375,,S,,,"Rotherfield, Sussex, England Essex Co, MA",1201
3,0,male,,0,0,2664,7.225,,C,,,Syria,1202
3,0,male,,0,0,2627,14.4583,,C,,,,1203
3,0,female,9,2,2,W./C. 6608,34.375,,S,,,"Rotherfield, Sussex, England Essex Co, MA",1204
3,0,male,,0,0,C.A. 6212,15.1,,S,,,,1205
3,1,female,16,1,1,2625,8.5167,,C,14,,,1206
3,0,male,,0,0,349223,7.8958,,S,,,,1207
3,0,female,9,3,2,347088,27.9,,S,,,,1208
3,0,male,45,0,0,347061,6.975,,S,,,"Effington Rut, SD",1209
3,0,male,21,0,0,342684,8.05,,S,,,,1210
3,0,male,21,0,0,315097,8.6625,,S,,,,1211
3,1,female,,1,0,367230,15.5,,Q,16,,,1212
3,0,male,,0,0,358585,14.5,,S,,,,1213
3,0,female,,1,0,370371,15.5,,Q,,,,1214
3,1,female,,0,2,2661,15.2458,,C,C,,,1215
3,0,female,20,1,0,4136,9.825,,S,,,,1216
3,1,female,24,0,0,382653,7.75,,Q,15,,,1217
3,0,male,22,0,0,PP 4348,9.35,,S,,,"Tranvik, Finland New York",1218
3,1,female,63,0,0,4134,9.5875,,S,15,,,1219
3,0,male,20,0,0,7534,9.8458,,S,,,"Waukegan, Chicago, IL",1220
3,0,male,44,0,1,371362,16.1,,S,,,"Bournemouth, England Newark, NJ",1221
3,0,female,,0,0,382649,7.75,,Q,,,,1222
3,0,male,4,3,2,347088,27.9,,S,,,,1223
3,1,male,26,0,0,347070,7.775,,S,15,,,1224
3,0,male,50,0,0,A/5 3594,8.05,,S,,,,1225
3,0,female,18,0,0,347087,7.775,,S,,,,1226
3,0,male,13,0,2,C.A. 2673,20.25,,S,,,"East Providence, RI",1227
3,0,male,22,0,0,349206,7.8958,,S,,,,1228
3,0,male,19,0,0,349212,7.8958,,S,,,,1229
3,0,female,26,1,0,A/5. 3336,16.1,,S,,,,1230
3,0,female,30,1,1,345773,24.15,,S,,,,1231
3,0,female,23,0,0,315085,8.6625,,S,,,,1232
3,0,male,40,0,0,349251,7.8958,,S,,,,1233
3,0,male,23,0,0,347468,7.8542,,S,,,"Krakoryd, Sweden Bloomington, IL",1234
3,0,male,48,0,0,350047,7.8542,,S,,,,1235
3,0,male,,0,0,364498,14.5,,S,,,,1236
3,0,male,,0,0,S.C./A.4. 23567,8.05,,S,,,,1237
3,0,female,35,0,0,9232,7.75,,Q,,,,1238
3,0,male,,0,0,2700,7.2292,,C,,,,1239
3,0,male,42,0,0,C.A. 5547,7.55,,S,,,,1240
3,0,female,28,0,0,349245,7.8958,,S,,,,1241
3,1,male,31,0,0,STON/O 2. 3101288,7.925,,S,9,,,1242
3,1,male,39,0,1,349256,13.4167,,C,15,,,1243
3,0,male,,0,0,371060,7.75,,Q,,,,1244
3,0,female,18,0,0,330963,7.8792,,Q,,,"Co Sligo, Ireland New York, NY",1245
3,1,female,,1,0,367230,15.5,,Q,16,,,1246
3,0,male,32,0,0,8471,8.3625,,S,,,"Foresvik, Norway Portland, ND",1247
3,0,male,59,0,0,364500,7.25,,S,,,"Merrill, WI",1248
3,1,male,20,1,0,STON/O 2. 3101285,7.925,,S,15,,,1249
3,0,male,,0,0,349215,7.8958,,S,,,,1250
3,0,female,18,0,1,2691,14.4542,,C,,,"Syria Ottawa, ON",1251
3,0,female,24,0,0,349236,8.85,,S,,,,1252
3,1,female,4,0,1,349256,13.4167,,C,15,,,1253
3,1,female,5,0,0,364516,12.475,,S,13,,"New York, NY",1254
3,0,male,26,1,2,C.A. 2315,20.575,,S,,,"Devon, England Wichita, KS",1255
3,1,male,29,0,0,349240,7.8958,,C,15,,,1256
3,0,male,20,0,0,315094,8.6625,,S,,,,1257
3,0,male,35,0,0,364512,8.05,,S,,,"Broomfield, Chelmsford, England",1258
3,0,male,28,1,0,STON/O2. 3101279,15.85,,S,,,,1259
3,0,male,19,0,0,349228,10.1708,,S,,,Austria,1260
3,0,female,17,0,0,2627,14.4583,,C,,,,1261
3,0,male,,0,0,2624,7.225,,C,,,,1262
3,0,male,43,0,0,C 7075,6.45,,S,,,,1263
3,0,male,,0,0,7935,7.75,,Q,,,,1264
3,0,male,,1,0,2660,14.4542,,C,,,,1265
3,1,male,6,0,1,392096,12.475,E121,S,14,,,1266
3,1,female,4,0,2,315153,22.025,,S,2,,,1267
3,0,male,42,0,1,4579,8.4042,,S,,,,1268
3,0,female,,1,2,W./C. 6607,23.45,,S,,,,1269
3,0,male,,0,0,A/5 2466,8.05,,S,,,,1270
3,1,female,29,0,2,2650,15.2458,,C,C,,,1271
3,0,male,17,0,0,315086,8.6625,,S,,,,1272
3,0,female,24,0,0,368702,7.75,,Q,,,"Ireland New York, NY",1273
3,0,male,,0,0,359309,8.05,,S,,,,1274
3,0,male,20,0,0,350050,7.8542,,S,,,,1275
3,0,male,,0,0,370374,7.75,,Q,,,,1276
3,0,male,21,0,0,312992,7.775,,S,,,"Brennes, Norway New York",1277
3,1,male,20,0,0,2663,7.2292,,C,15,,,1278
3,0,female,10,0,2,345773,24.15,,S,,,,1279
3,1,male,,0,0,367228,7.75,,Q,,,,1280
3,1,male,32,0,0,SOTON/O.Q. 392078,8.05,E10,S,9,,,1281
3,0,female,,0,0,365237,7.75,,Q,,,,1282
3,1,female,5,2,1,2666,19.2583,,C,C,,"Syria New York, NY",1283
3,0,male,17,0,0,STON/O 2. 3101274,7.125,,S,,,,1284
3,0,male,,0,0,2673,7.2292,,C,,,,1285
3,0,male,,0,0,345777,9.5,,S,,,,1286
3,0,male,24,0,0,315092,8.6625,,S,,,,1287
3,0,male,,1,0,2621,6.4375,,C,,,,1288
3,0,female,,8,2,CA. 2343,69.55,,S,,,,1289
3,0,male,,0,0,SOTON/OQ 3101316,8.05,,S,,,,1290
3,0,male,28,0,0,392095,7.25,,S,,,"St Denys, Southampton, Hants",1291
3,1,male,36.5,1,0,345572,17.4,,S,15,,"Tampico, MT",1292
3,1,male,,0,0,2677,7.2292,,C,15,,,1293
3,0,male,41,2,0,350026,14.1083,,S,,,,1294
3,1,female,15,1,0,2659,14.4542,,C,,,,1295
3,0,male,,0,0,A/S 2816,8.05,,S,,,,1296
3,0,male,30,0,0,SOTON/OQ 392090,8.05,,S,,,London,1297
3,1,female,,1,0,376564,16.1,,S,10,,,1298
3,1,female,22,0,0,370373,7.75,,Q,13,,Ireland,1299
3,0,male,,0,0,371110,24.15,,Q,,,,1300
3,0,male,,0,0,368703,7.75,,Q,,,,1301
3,1,female,31,1,1,363291,20.525,,S,C D,,"Strood, Kent, England Detroit, MI",1302
3,0,male,,8,2,CA. 2343,69.55,,S,,,,1303
3,0,male,32,0,0,349242,7.8958,,S,,,,1304
3,0,male,,0,0,323592,7.25,,S,A,,,1305
3,0,male,,0,0,349214,7.8958,,S,,,,1306
3,0,male,1,4,1,3101295,39.6875,,S,,,,1307
3,0,female,,0,0,65305,8.1125,,S,,,,1308
3,0,male,.75,1,1,SOTON/O.Q. 3101315,13.775,,S,,,,1309
3,1,male,25,0,0,345768,9.5,,S,11,,,1310
3,1,male,14,0,0,7538,9.225,,S,13,,,1311
3,0,male,25,1,0,347076,7.775,,S,,,,1312
